"","Time","createOrder","basket","getCatalogue","getItem","getCart","login","getOrders","catalogue","home","tags","getCustomer","viewOrdersPage","cataloguePage","getRelated","addToCart","catalogueSize","getAddress","getCard","showDetails","NA"
"10","0","0.00","0.00","14.00","2.20","23.40","5.00","3.20","7.40","12.60","5.60","4.20","4.00","4.20","0.00","0.00","6.80","0.00","0.00","1.80",""
"11","5","0.00","0.00","11.20","9.20","25.20","1.40","2.40","4.60","11.40","5.40","14.60","2.00","6.80","3.60","0.20","5.20","0.00","0.00","6.20",""
"12","10","0.00","0.00","14.00","8.20","24.80","4.20","1.80","3.40","13.00","4.40","13.60","1.80","4.00","5.00","1.20","3.40","0.00","0.00","5.20",""
"13","15","0.00","1.20","11.20","8.00","25.40","3.40","1.80","3.00","11.80","2.80","11.40","2.20","3.40","6.40","2.60","3.00","0.20","0.20","6.80",""
"14","20","0.20","2.20","9.60","8.60","21.80","2.20","1.40","4.00","7.20","3.40","11.20","1.20","3.20","6.20","1.60","3.40","2.00","2.60","5.00",""
"15","25","1.60","1.80","9.60","10.00","21.40","2.40","2.60","1.60","8.80","2.80","11.00","2.60","2.80","4.40","2.00","2.40","2.00","1.80","4.80",""
"16","30","1.40","1.60","12.80","10.60","22.40","2.00","2.60","3.20","10.20","2.20","12.00","2.60","2.00","5.00","1.60","2.80","1.40","1.40","4.60",""
"17","35","2.20","2.00","11.40","10.00","23.20","2.60","3.00","3.60","9.20","3.20","10.80","2.60","2.80","4.20","0.60","3.40","1.80","2.20","3.60",""
"18","40","2.20","1.40","10.20","11.60","20.60","2.40","3.20","1.40","8.20","3.00","12.60","3.80","4.00","3.60","1.20","2.00","2.20","1.40","4.80",""
"19","45","1.00","0.00","7.40","7.00","5.60","0.20","2.40","1.20","6.20","1.20","6.40","1.80","1.20","2.60","1.00","1.40","0.60","0.60","1.80",""
"20","50","0.00","0.00","1.60","0.60","0.00","0.00","0.20","0.00","0.40","0.20","0.60","0.00","0.20","0.00","0.00","0.00","0.00","0.00","0.00",""
"21","55","0.00","0.00","0.20","0.00","0.00","0.00","0.00","0.00","0.00","0.00","0.00","0.00","0.00","0.00","0.00","0.00","0.00","0.00","0.00",""
"22","60","0.20","0.40","2.80","2.20","7.40","1.00","0.00","0.20","3.60","0.20","2.00","0.00","0.20","1.60","1.00","0.20","0.20","0.40","0.80",""
"23","65","0.20","0.40","1.60","0.80","2.00","0.00","0.40","0.80","0.40","0.20","0.80","0.40","0.20","0.80","0.00","0.20","0.20","0.00","0.40",""
"24","70","0.00","0.40","0.80","0.20","2.80","0.20","0.00","0.00","1.60","0.60","0.40","0.00","0.60","0.60","0.00","0.60","0.20","0.20","0.00",""
"25","75","0.20","0.60","3.20","2.00","6.00","1.20","0.40","1.20","2.00","0.80","2.80","0.40","0.40","1.00","0.00","1.00","0.40","0.40","1.20",""
"26","80","0.20","0.40","3.60","3.00","10.60","2.00","0.60","1.40","3.80","0.80","3.80","0.60","1.00","0.80","0.40","1.20","0.20","0.20","1.40",""
"27","85","1.80","0.80","5.80","4.80","14.60","1.80","2.00","2.20","5.80","2.40","6.00","2.60","1.60","1.60","0.00","2.00","0.40","1.00","1.40",""
"28","90","0.40","0.00","8.00","5.20","11.80","1.00","2.40","1.80","6.40","2.00","6.20","2.40","2.80","2.20","1.40","1.80","1.40","0.80","2.60",""
"29","95","0.80","1.00","5.40","7.00","13.40","1.60","1.60","1.40","5.60","1.20","8.80","1.20","1.40","2.20","0.20","1.80","0.20","0.40","3.20",""
"30","100","0.80","0.80","5.40","5.00","12.40","1.80","1.60","1.80","5.40","1.60","5.40","1.80","1.20","2.20","0.60","1.20","0.40","0.40","2.20",""
"31","105","0.20","0.00","8.40","5.80","12.40","1.40","0.80","1.80","7.00","2.20","6.80","1.20","2.00","1.60","0.80","2.20","0.80","0.60","2.60",""
"32","110","0.40","0.60","3.60","4.20","9.80","1.40","1.60","1.20","3.60","1.40","6.80","1.60","1.60","2.40","0.80","1.60","0.20","0.20","2.60",""
"33","115","0.80","0.80","5.40","3.80","12.40","0.80","2.20","1.00","6.00","0.80","4.20","1.40","0.80","3.20","0.80","0.60","0.00","0.40","2.20",""
"34","120","0.40","0.80","9.80","6.00","16.80","3.20","0.40","3.20","8.60","2.20","5.80","0.60","1.60","3.20","1.00","2.40","1.40","1.20","2.40",""
"35","125","0.00","1.00","6.40","3.80","8.00","0.60","0.80","1.40","4.20","2.40","4.20","0.80","3.20","2.00","0.20","2.20","0.80","0.60","1.60",""
"36","130","0.40","0.60","5.00","4.00","13.20","0.60","0.80","1.40","4.20","1.40","5.80","0.80","1.20","2.20","1.00","1.40","1.00","1.00","2.40",""
"37","135","1.80","0.80","7.40","7.80","18.60","2.60","2.20","3.60","6.60","2.80","8.20","2.40","2.40","3.20","0.80","3.60","1.20","1.60","3.80",""
"38","140","1.20","1.00","8.00","8.00","18.80","2.00","2.20","2.60","7.40","2.80","11.60","2.40","3.00","3.60","1.20","2.60","0.80","0.60","3.40",""
"39","145","1.20","1.00","9.80","9.20","20.40","2.40","2.80","1.60","9.00","2.00","11.80","2.40","2.00","3.40","1.40","1.40","1.20","1.20","5.40",""
"40","150","0.60","1.40","10.40","8.20","20.40","2.20","1.00","3.40","10.00","2.40","8.60","1.20","2.40","5.80","2.20","3.00","0.80","0.60","3.60",""
"41","155","1.00","1.60","9.20","7.60","17.80","1.80","2.20","2.60","7.80","2.60","9.20","2.00","3.20","3.40","0.20","3.00","1.40","1.80","3.20",""
"42","160","2.00","1.20","8.40","8.00","18.20","2.20","1.80","2.60","6.20","3.00","8.60","2.20","2.80","2.20","0.80","2.60","2.00","1.60","2.60",""
"43","165","1.40","0.80","7.80","11.20","19.60","1.00","3.20","1.60","8.00","3.00","13.60","2.80","2.60","3.80","2.00","2.20","0.40","0.60","5.60",""
"44","170","0.80","1.60","9.80","7.40","18.20","1.60","1.40","2.40","7.60","1.00","8.40","1.40","1.40","5.00","1.40","1.80","1.20","1.00","4.20",""
"45","175","1.00","1.40","9.80","6.80","16.60","2.60","1.20","3.20","8.60","3.20","7.40","1.80","3.20","3.80","0.60","2.80","1.00","1.80","2.20",""
"46","180","1.00","1.20","7.00","7.80","19.40","1.80","2.40","2.40","6.40","2.60","9.20","1.80","2.60","3.20","1.40","3.20","1.80","1.00","4.40",""
"47","185","1.80","1.00","10.00","8.40","20.80","1.40","2.60","3.00","7.60","3.00","9.80","2.60","2.80","4.40","1.20","2.80","1.40","1.60","3.20",""
"48","190","0.80","1.00","11.00","8.80","18.40","2.00","1.60","2.40","9.40","2.80","10.20","1.80","2.40","3.40","0.80","2.20","1.00","1.20","4.40",""
"49","195","1.80","0.80","10.40","7.60","20.60","3.20","2.20","3.20","10.60","3.00","9.60","2.20","2.60","4.20","1.60","3.20","1.40","1.00","3.40",""
"50","200","1.00","1.60","8.80","9.40","19.00","1.40","1.80","3.00","7.20","3.40","10.80","1.40","3.60","3.00","0.60","3.40","0.40","0.80","4.20",""
"51","205","1.20","0.80","9.20","7.00","18.20","2.40","1.80","2.40","8.20","2.00","9.40","2.20","2.40","3.60","0.80","2.00","1.40","1.20","3.80",""
"52","210","0.60","0.80","9.20","7.40","18.40","3.40","2.20","2.00","8.80","1.80","9.00","2.20","1.80","4.40","1.40","2.40","0.80","0.80","2.80",""
"53","215","1.40","1.60","9.40","8.80","18.80","1.80","2.80","1.60","8.80","2.20","9.60","3.20","2.40","4.40","1.20","1.40","0.60","1.00","4.40",""
"54","220","0.60","1.20","11.00","7.40","16.80","2.80","2.60","2.80","9.00","2.40","7.80","2.00","2.40","2.80","1.60","2.60","1.40","1.00","3.40",""
"55","225","0.80","1.20","6.80","7.60","22.00","1.80","1.80","2.60","5.00","2.80","10.20","1.60","2.40","3.60","0.60","2.60","1.40","1.40","3.80",""
"56","230","2.20","0.80","9.40","10.80","19.00","1.80","3.00","2.60","8.20","2.60","11.20","3.20","2.60","3.80","1.60","2.80","1.60","1.60","4.00",""
"57","235","1.40","2.00","11.40","8.40","19.80","2.60","2.80","2.00","10.40","2.00","9.60","2.80","2.60","4.20","1.60","1.80","1.20","1.20","3.00",""
"58","240","1.00","1.40","10.60","7.60","21.00","2.80","1.00","3.60","9.40","2.60","8.60","1.60","1.80","3.80","0.60","3.80","1.80","1.80","3.20",""
"59","245","1.20","1.00","10.80","8.60","21.80","1.80","3.20","3.60","9.20","4.20","10.00","2.60","4.20","3.00","1.00","3.40","1.00","1.00","5.00",""
"60","250","1.60","0.40","6.60","9.20","12.80","1.60","2.40","0.80","5.40","2.00","10.20","2.80","2.60","3.20","1.40","1.40","0.80","0.60","3.40",""
"61","255","0.80","1.40","8.60","6.80","19.80","2.60","2.00","1.80","8.20","1.00","10.00","1.40","0.80","4.00","0.40","1.40","0.40","0.80","3.60",""
"62","260","0.80","0.80","10.80","8.60","19.00","2.80","2.80","3.40","10.20","2.40","7.40","3.00","2.80","3.60","1.80","2.40","1.40","1.20","3.00",""
"63","265","1.00","1.40","10.00","7.00","21.20","3.60","2.00","1.60","9.00","3.00","9.20","2.60","2.40","3.40","0.80","2.80","1.20","1.00","2.60",""
"64","270","1.60","1.20","10.20","9.80","20.40","2.20","3.20","2.60","8.80","2.20","11.40","3.00","2.40","4.00","1.00","2.40","1.60","1.60","4.20",""
"65","275","0.60","0.60","12.40","8.20","22.20","2.60","1.80","3.60","11.60","2.40","10.40","1.80","2.60","3.40","1.60","2.60","1.00","1.00","3.60",""
"66","280","1.60","1.40","9.00","8.40","18.00","1.40","2.80","3.00","7.80","3.60","10.20","2.40","3.80","3.20","1.20","3.80","0.60","0.80","4.40",""
"67","285","0.80","1.00","8.60","7.60","18.40","2.00","1.40","2.60","7.00","3.00","9.40","1.60","3.00","4.20","1.40","2.80","1.20","1.20","4.40",""
"68","290","0.80","1.80","8.20","7.80","17.80","1.60","1.40","2.40","6.40","2.20","7.80","1.80","2.00","4.60","1.60","2.00","1.20","1.20","4.20",""
"69","295","1.60","1.40","9.00","9.00","21.80","1.60","3.00","1.80","7.40","2.40","11.60","2.80","2.20","4.60","0.60","2.00","1.60","1.60","3.20",""
"70","300","1.60","1.20","10.40","10.80","18.40","2.80","3.00","2.20","9.20","2.00","11.00","2.60","2.40","3.00","1.60","2.20","2.00","1.80","4.00",""
"71","305","1.40","0.80","10.60","7.40","20.20","3.80","3.00","1.20","10.00","1.40","9.00","3.80","1.60","3.40","0.80","1.80","0.40","0.40","2.40",""
"72","310","1.00","1.20","12.60","7.20","23.00","3.00","3.00","3.60","12.80","2.60","9.20","2.80","2.20","3.40","0.40","3.00","1.20","1.80","3.20",""
"73","315","1.00","0.80","12.00","9.40","21.60","3.40","2.60","3.20","10.00","4.20","10.60","2.00","4.20","3.40","0.60","3.60","1.20","0.80","3.20",""
"74","320","1.20","0.40","11.00","9.00","20.20","2.40","2.60","3.00","10.40","2.20","10.00","2.80","1.80","2.20","1.80","2.00","0.60","0.40","5.20",""
"75","325","0.80","1.80","9.80","7.20","21.20","2.00","2.20","3.60","9.00","3.40","10.00","2.00","3.80","5.80","1.20","3.80","0.40","0.80","3.40",""
"76","330","0.40","1.20","10.80","9.80","22.20","2.60","1.40","3.60","8.80","3.40","11.00","1.40","2.80","3.80","2.20","4.00","1.80","1.80","5.60",""
"77","335","2.00","1.20","8.80","11.00","21.40","3.00","2.80","2.20","7.60","3.20","13.00","2.80","3.40","4.80","1.20","2.40","1.80","1.60","4.60",""
"78","340","2.00","2.00","10.20","9.80","22.60","2.80","3.80","1.60","9.40","1.80","11.20","3.80","2.60","5.40","1.40","1.80","1.20","1.20","4.60",""
"79","345","0.80","1.40","11.80","8.80","22.20","3.00","2.20","2.80","11.20","2.60","10.20","2.80","2.20","4.60","1.40","2.40","1.60","1.40","2.80",""
"80","350","1.40","1.60","12.60","10.40","19.60","1.80","2.60","2.00","9.60","1.60","10.20","2.40","1.60","2.40","1.20","2.00","1.40","1.80","4.80",""
"81","355","1.40","0.80","8.80","7.80","19.40","2.60","2.20","3.80","7.40","4.00","8.20","2.20","3.80","3.20","1.00","4.00","1.20","1.00","2.60",""
"82","360","1.60","1.60","8.60","7.40","15.60","1.40","2.60","2.40","6.20","1.60","10.40","2.60","2.00","3.20","1.00","2.00","1.00","1.40","3.60",""
"83","365","0.80","0.80","8.80","9.60","21.80","1.80","2.20","2.20","8.20","3.60","10.40","2.00","2.80","4.40","1.40","2.60","1.80","1.20","3.80",""
"84","370","1.80","1.40","9.20","9.00","18.40","2.60","3.20","1.00","9.20","1.40","11.00","3.00","2.00","4.00","1.60","1.40","0.80","1.00","4.60",""
"85","375","0.80","1.00","11.40","8.40","21.20","2.40","1.80","4.00","9.80","3.00","9.00","2.00","2.40","3.40","1.20","3.60","1.00","1.00","2.80",""
"86","380","1.20","1.60","9.20","7.40","18.20","2.60","2.80","3.00","7.00","2.80","8.60","2.40","2.80","3.20","0.40","2.60","1.00","1.00","3.80",""
"87","385","0.80","0.80","11.60","8.80","20.80","1.40","1.60","2.20","11.20","2.20","10.60","2.00","3.00","3.80","0.40","2.80","2.00","2.00","3.20",""
"88","390","1.60","0.20","10.20","9.20","22.00","2.20","2.00","3.20","9.80","3.80","10.80","2.40","3.00","3.60","1.80","2.80","0.40","0.20","5.00",""
"89","395","1.00","1.40","11.40","7.60","22.00","3.60","1.80","4.20","11.00","4.00","10.40","1.20","3.80","5.20","0.80","4.40","0.60","1.00","4.20",""
"90","400","0.80","1.00","10.60","8.60","21.60","2.40","1.80","3.00","8.60","3.00","11.60","2.00","3.60","4.80","2.00","3.00","1.40","1.00","5.40",""
"91","405","1.00","2.20","8.40","9.40","24.00","2.20","2.00","3.20","7.20","3.00","11.40","1.80","3.00","5.20","1.60","3.00","1.60","2.20","4.40",""
"92","410","1.80","1.60","12.80","10.80","21.80","2.40","2.20","3.00","9.60","2.60","11.40","2.20","2.60","5.40","1.80","2.80","2.00","1.40","5.20",""
"93","415","1.80","2.40","8.40","9.40","20.60","2.40","2.60","2.20","7.20","2.40","11.00","3.20","2.80","3.60","1.80","2.40","2.00","2.20","4.40",""
"94","420","2.20","1.00","9.60","11.40","20.60","1.40","3.60","2.40","8.00","2.40","12.00","4.20","2.00","3.60","1.20","2.40","2.00","1.80","3.20",""
"95","425","1.00","1.40","11.60","11.00","24.00","3.20","3.00","2.80","11.20","2.80","13.40","2.40","2.60","5.20","1.40","2.80","0.60","0.80","4.80",""
"96","430","1.80","1.40","12.40","9.40","22.60","2.20","3.40","2.40","9.60","2.40","9.40","3.20","3.00","3.60","1.40","2.20","1.60","1.80","3.80",""
"97","435","1.00","1.20","11.80","9.00","21.20","3.40","2.80","3.20","12.00","4.00","10.20","2.60","3.60","4.20","0.60","3.60","1.20","0.80","3.00",""
"98","440","1.40","1.00","10.20","8.60","19.80","2.40","3.00","1.80","8.80","1.40","10.00","3.00","1.80","2.80","1.00","1.80","1.00","1.20","4.00",""
"99","445","1.00","1.00","11.80","8.00","18.40","3.20","2.60","3.00","10.40","2.20","9.60","2.40","2.20","3.60","1.00","2.60","1.00","0.80","3.00",""
"100","450","0.60","0.80","8.20","5.20","16.00","1.60","1.80","2.60","7.20","3.00","6.00","2.40","2.40","2.00","0.00","2.60","1.00","1.00","2.80",""
"101","455","1.40","0.20","10.20","8.60","18.20","2.00","2.20","2.20","9.20","2.60","9.80","1.60","3.20","3.20","1.00","2.40","0.80","0.80","2.80",""
"102","460","0.20","0.60","7.00","5.00","15.00","2.40","1.80","2.00","7.20","2.00","7.80","1.60","1.60","2.80","0.60","2.40","0.00","0.20","3.00",""
"103","465","0.80","1.00","9.00","7.40","22.60","3.20","2.40","2.80","9.00","2.40","9.20","3.20","2.40","4.40","1.60","2.40","0.80","0.60","4.00",""
"104","470","0.40","1.00","12.20","9.60","19.00","1.80","2.00","3.00","9.40","3.80","10.80","1.60","3.80","3.60","1.40","3.40","1.20","1.40","4.60",""
"105","475","0.80","1.60","5.20","5.20","15.40","1.60","1.20","2.20","5.20","1.80","7.60","1.20","2.00","2.80","0.40","2.00","0.80","1.20","3.20",""
"106","480","1.60","0.80","9.80","7.40","20.20","2.40","2.20","2.60","8.40","2.80","9.00","2.60","1.80","5.00","1.40","2.40","1.80","1.40","3.80",""
"107","485","1.40","0.60","10.80","10.00","16.80","2.40","3.20","2.00","8.80","1.60","10.80","2.80","2.40","2.60","1.40","2.40","0.80","0.60","3.60",""
"108","490","0.60","1.40","7.20","5.40","15.60","1.80","2.80","1.20","7.40","2.00","7.20","3.00","2.20","3.80","1.00","1.20","0.40","0.60","2.60",""
"109","495","0.40","1.20","9.00","7.80","17.80","1.80","1.40","2.80","7.60","2.40","8.80","1.00","2.00","3.00","1.00","2.80","1.40","1.60","3.20",""
"110","500","0.80","0.80","10.00","9.20","22.60","2.60","2.00","2.80","9.00","1.80","9.20","2.40","2.20","3.80","1.20","2.20","1.20","1.00","3.20",""
"111","505","1.60","1.60","10.20","7.20","20.00","2.40","2.80","3.20","8.40","4.00","9.60","3.00","3.80","2.80","1.00","3.40","1.00","1.60","3.00",""
"112","510","1.60","1.00","11.80","10.40","22.40","2.60","3.00","2.80","11.40","2.00","11.80","2.60","2.00","4.60","0.80","2.80","1.40","0.80","5.00",""
"113","515","1.60","1.00","11.40","9.00","22.00","3.00","2.00","3.00","10.40","3.20","9.80","2.80","3.40","3.20","0.60","3.20","1.20","1.40","3.00",""
"114","520","0.60","0.80","10.80","8.20","20.60","3.60","3.40","2.40","9.20","2.80","11.40","2.40","2.20","3.80","0.80","2.40","1.00","0.60","4.40",""
"115","525","1.40","1.40","10.00","8.00","20.40","2.40","2.40","2.60","10.20","2.00","9.20","2.60","2.80","4.40","1.80","1.80","0.40","0.40","4.00",""
"116","530","0.40","0.80","11.80","8.20","20.20","2.40","1.80","3.40","10.40","4.00","10.60","2.00","3.20","3.60","1.20","3.80","1.40","1.40","4.40",""
"117","535","1.20","0.80","8.60","8.40","21.20","1.60","1.40","3.40","7.80","2.80","9.20","1.00","2.60","4.40","1.00","3.40","1.40","1.40","3.80",""
"118","540","1.20","1.80","10.00","8.20","21.20","2.60","2.00","2.80","8.40","3.60","10.20","2.00","4.40","3.80","1.60","3.60","1.20","1.40","3.80",""
"119","545","1.40","0.80","9.60","9.80","20.80","1.60","3.20","2.40","8.40","2.20","11.80","3.20","2.00","4.80","1.20","2.40","1.00","1.00","5.60",""
"120","550","1.40","1.60","10.80","10.20","20.60","3.20","2.00","2.80","9.00","2.20","11.80","2.20","2.40","5.20","2.20","1.40","1.00","0.80","4.40",""
"121","555","1.00","2.20","11.00","8.20","20.40","2.80","1.80","2.60","9.40","3.20","10.40","1.80","3.20","3.40","1.00","3.60","2.00","2.40","4.00",""
"122","560","1.00","1.20","10.20","10.00","22.20","2.20","2.40","2.60","8.40","2.40","10.40","2.40","1.80","3.80","1.20","2.20","2.00","1.80","3.60",""
"123","565","2.40","1.40","11.20","9.40","22.20","2.20","3.40","3.60","10.20","2.80","10.00","3.80","3.60","4.40","1.20","3.40","0.60","0.60","3.80",""
"124","570","1.20","1.40","10.00","9.40","21.00","2.40","2.80","2.40","8.60","3.60","11.20","2.20","3.20","3.80","0.80","3.00","1.60","1.80","4.20",""
"125","575","1.80","0.60","10.60","12.00","21.00","1.60","1.40","3.20","9.20","2.80","13.00","2.20","2.60","4.60","2.60","3.00","1.40","1.40","6.00",""
"126","580","1.00","2.20","9.20","7.20","23.20","2.60","3.00","2.60","8.60","3.00","11.00","2.40","3.20","5.40","1.00","3.20","1.40","1.20","3.40",""
"127","585","1.00","1.00","12.80","10.60","21.00","2.00","2.40","2.40","9.80","2.60","9.80","2.00","2.80","3.20","2.00","2.40","1.80","1.60","4.80",""
"128","590","2.00","2.20","8.00","9.20","21.60","2.00","2.80","4.00","7.60","3.60","10.80","3.60","3.20","5.20","0.80","3.80","0.80","1.80","4.40",""
"129","595","1.00","0.80","12.00","10.60","21.80","2.00","2.40","1.80","10.80","1.80","12.20","1.60","2.40","3.40","0.60","1.40","2.20","1.20","3.40",""
"130","600","2.60","0.80","13.60","7.40","19.80","4.60","3.40","2.60","11.20","2.60","8.20","3.60","1.60","3.60","1.20","2.60","1.00","1.00","2.80",""
"131","605","0.20","0.40","8.60","8.40","21.20","1.40","2.40","3.40","9.60","3.00","11.40","2.40","3.60","3.80","0.60","3.40","0.20","0.20","3.20",""
"132","610","0.80","1.40","10.80","6.40","19.00","3.60","1.60","2.40","8.60","2.80","7.60","1.60","2.80","2.80","1.20","2.80","1.40","1.60","4.40",""
"133","615","1.00","0.80","10.00","8.60","18.60","1.40","3.00","2.40","9.40","2.20","11.20","3.20","2.60","4.20","1.20","2.20","0.40","0.40","4.00",""
"134","620","0.80","1.00","7.80","7.20","16.80","1.80","2.00","2.80","7.00","3.20","8.60","1.60","2.60","3.60","2.00","3.20","0.80","0.60","3.60",""
"135","625","0.60","1.20","7.80","8.80","16.20","1.00","1.40","1.80","6.60","2.00","10.20","1.80","2.40","3.00","0.40","1.60","0.80","1.40","4.00",""
"136","630","0.20","0.80","6.40","3.00","9.80","1.80","0.80","1.20","5.40","1.20","4.20","0.40","1.20","2.60","0.20","1.20","1.20","0.60","0.80",""
"137","635","1.00","1.00","7.20","5.80","18.60","1.60","1.00","2.40","5.80","2.20","6.40","2.20","2.20","2.80","1.60","2.20","1.20","1.40","4.00",""
"138","640","1.40","1.60","8.00","10.40","19.80","2.00","3.80","3.00","7.40","2.40","11.80","2.60","2.00","5.20","1.20","3.00","1.20","1.20","3.20",""
"139","645","1.80","1.00","11.20","9.00","22.00","2.80","3.40","1.80","10.40","2.20","10.40","4.20","2.60","3.00","0.40","2.00","1.60","1.40","3.00",""
"140","650","1.40","0.40","14.40","8.00","20.20","3.80","2.80","3.20","12.40","3.40","8.60","2.40","3.20","2.80","0.60","3.20","0.80","0.80","3.60",""
"141","655","0.80","0.80","11.00","8.40","25.60","2.40","2.80","4.40","11.80","2.80","12.80","2.60","3.20","3.40","0.40","3.00","0.80","0.80","3.40",""
"142","660","0.60","0.80","11.20","9.20","21.40","3.00","1.80","2.80","9.40","4.40","9.80","2.20","3.20","4.60","1.60","4.40","0.60","0.80","5.40",""
"143","665","1.00","1.40","10.80","8.80","23.00","2.40","2.80","2.60","9.40","2.60","11.00","2.40","4.00","4.20","1.20","2.00","0.60","1.00","4.20",""
"144","670","1.00","1.20","10.80","8.20","21.60","2.80","3.00","2.80","10.40","3.00","10.60","3.60","2.00","4.60","1.00","3.20","1.40","1.00","4.20",""
"145","675","1.40","0.80","11.40","8.80","22.40","3.60","3.60","1.80","11.40","1.80","11.60","3.00","2.80","3.80","1.40","1.60","1.00","0.80","4.20",""
"146","680","0.60","1.00","13.20","9.00","21.80","2.60","1.80","4.60","11.20","4.40","9.20","1.80","3.00","4.20","1.40","4.40","1.00","1.20","3.20",""
"147","685","0.60","1.60","12.00","8.20","23.00","2.40","1.60","4.40","9.40","3.60","11.60","2.00","4.20","3.80","0.80","4.60","1.40","1.60","5.20",""
"148","690","2.00","1.20","9.60","10.20","22.40","2.80","1.80","1.80","9.20","2.40","12.20","2.00","2.80","4.80","2.20","2.00","1.60","1.20","5.40",""
"149","695","1.20","1.40","9.40","9.60","19.00","1.60","3.20","2.20","8.20","2.20","10.40","2.80","2.00","4.60","0.80","1.80","0.60","1.20","4.20",""
"150","700","0.80","1.00","11.20","8.60","20.20","2.20","2.80","2.20","9.60","2.80","10.60","2.40","3.20","4.40","1.40","2.60","1.80","1.20","2.80",""
"151","705","1.80","2.20","10.40","8.40","21.60","3.20","1.80","3.60","9.80","2.40","9.00","2.40","1.60","3.20","0.40","2.80","1.40","1.80","3.40",""
"152","710","0.80","0.20","11.60","8.20","21.80","2.40","2.00","3.80","9.20","2.80","10.20","2.40","3.40","3.80","1.60","3.60","1.60","1.20","4.00",""
"153","715","1.80","1.00","9.20","10.40","21.60","2.40","2.80","2.80","8.20","4.00","12.00","2.40","3.60","4.00","1.20","2.80","0.00","0.40","5.40",""
"154","720","0.60","1.80","11.60","8.40","22.40","2.80","2.60","1.80","11.40","2.60","11.40","2.40","2.80","5.00","1.80","2.60","2.20","2.20","4.80",""
"155","725","1.40","1.60","11.40","10.40","22.20","1.60","2.60","4.20","9.80","3.60","11.40","2.40","2.00","5.20","1.20","4.40","1.20","1.00","3.40",""
"156","730","1.80","1.20","10.00","10.00","22.00","2.60","1.20","3.20","8.20","3.20","10.60","1.80","4.80","3.00","1.40","2.40","1.40","1.80","5.60",""
"157","735","1.40","2.00","9.40","9.60","23.00","2.60","3.20","2.60","8.60","3.60","13.00","3.20","3.00","6.40","2.40","3.40","1.20","1.00","4.80",""
"158","740","1.60","1.20","12.20","10.80","22.60","2.00","2.20","2.80","9.60","1.20","11.20","2.00","2.20","3.60","0.80","2.20","2.00","2.00","3.80",""
"159","745","1.40","1.60","12.80","9.40","23.80","2.80","3.00","3.40","11.20","4.40","10.40","2.60","3.60","5.00","1.20","4.20","1.40","1.20","4.00",""
"160","750","1.60","1.20","11.80","9.40","21.40","2.80","2.60","2.20","9.80","2.00","10.00","3.00","2.80","3.40","1.00","1.80","1.40","1.40","3.60",""
"161","755","1.20","1.00","10.00","10.40","23.20","2.00","3.20","3.40","9.00","3.40","13.00","3.00","2.80","4.40","1.20","3.40","0.80","0.80","4.00",""
"162","760","1.20","0.80","12.00","9.20","21.80","3.40","2.80","2.80","12.00","2.60","10.80","2.80","2.60","3.60","1.20","2.80","1.20","1.20","4.20",""
"163","765","1.00","1.60","10.00","8.20","24.20","2.40","3.00","3.60","9.00","3.20","11.40","2.80","3.60","4.80","1.40","3.20","0.80","0.80","5.00",""
"164","770","1.00","1.40","12.00","9.00","22.00","2.40","1.20","3.20","11.20","3.20","10.80","1.20","3.40","5.00","1.40","3.00","2.20","2.20","4.60",""
"165","775","1.40","0.80","11.00","8.60","20.60","2.40","2.00","2.40","9.20","3.00","10.80","2.40","2.40","3.40","0.80","3.20","1.00","0.80","4.20",""
"166","780","1.00","1.60","8.60","9.00","20.40","2.60","3.00","3.40","8.00","3.40","10.80","2.80","4.00","4.20","1.60","3.40","0.60","0.80","3.80",""
"167","785","1.00","0.40","12.20","10.80","22.60","2.60","2.40","2.80","9.80","2.60","11.80","2.20","2.60","4.20","1.60","2.60","1.60","1.60","5.00",""
"168","790","2.00","1.60","11.20","9.20","22.40","2.40","2.40","3.00","12.00","2.60","11.00","2.60","2.20","5.20","2.00","2.20","1.20","1.40","5.20",""
"169","795","0.80","3.00","12.00","9.20","24.00","3.00","1.80","3.60","9.40","3.60","10.80","2.20","4.00","5.20","0.60","3.80","1.80","1.80","3.80",""
"170","800","2.00","0.60","10.20","10.20","21.60","2.60","4.00","2.20","8.40","3.20","11.40","4.00","2.60","3.60","1.20","2.80","1.60","1.40","4.00",""
"171","805","1.40","0.60","11.60","10.40","21.60","3.60","2.80","1.80","9.60","1.80","12.60","3.20","2.60","4.00","2.40","1.80","1.00","0.80","4.60",""
"172","810","1.00","2.00","11.20","9.00","24.40","2.40","3.00","4.00","11.80","2.80","10.80","2.00","2.40","5.00","1.20","3.40","1.20","1.80","4.20",""
"173","815","1.00","2.00","12.20","8.20","21.20","2.80","1.80","2.60","9.20","3.60","9.00","2.40","2.80","3.60","1.00","3.20","1.40","1.20","3.80",""
"174","820","2.00","0.80","9.00","11.60","22.80","2.40","2.80","2.80","8.00","3.00","13.60","3.00","4.00","3.80","1.20","3.00","1.80","1.80","4.00",""
"175","825","2.00","1.00","12.80","11.00","22.20","3.40","3.60","2.20","10.40","2.00","11.60","3.40","1.60","4.80","1.80","2.00","1.20","1.00","5.40",""
"176","830","0.80","2.20","10.60","9.40","23.40","3.00","3.00","3.40","10.40","2.80","11.00","2.60","2.80","5.00","1.60","3.20","1.60","2.00","3.20",""
"177","835","0.80","1.40","14.20","9.80","23.20","2.80","2.20","2.80","10.60","2.40","10.00","2.60","2.60","2.80","1.00","2.60","2.20","1.80","4.20",""
"178","840","2.80","1.40","9.80","11.20","23.20","2.20","4.00","3.00","9.60","3.60","12.00","3.40","3.80","3.80","1.20","3.00","1.00","1.00","4.00",""
"179","845","1.00","0.60","10.40","9.60","21.00","2.00","2.20","3.40","9.80","2.80","12.40","2.60","2.60","5.00","1.40","3.40","1.00","0.80","5.60",""
"180","850","0.80","1.80","12.60","8.00","25.20","3.40","2.40","3.80","10.00","3.40","10.00","2.00","3.40","4.40","1.40","3.40","1.40","2.00","3.20",""
"181","855","1.40","1.60","10.00","9.80","20.40","1.40","2.00","1.80","8.80","2.80","11.00","2.60","3.00","4.40","1.60","2.40","1.60","1.20","5.00",""
"182","860","1.80","1.20","11.00","10.20","20.20","3.80","2.60","2.40","9.60","2.80","11.80","2.00","2.40","4.60","1.40","2.40","1.00","0.80","5.00",""
"183","865","1.20","1.20","8.40","7.80","21.60","1.40","3.40","3.40","8.80","2.60","10.00","4.00","2.60","4.20","1.00","3.00","1.20","1.60","2.00",""
"184","870","1.60","1.40","12.40","10.40","20.20","2.20","1.80","2.80","10.00","3.20","10.60","2.20","2.80","2.80","0.60","3.40","1.60","1.40","4.40",""
"185","875","0.80","0.60","10.60","9.00","23.00","2.80","2.60","3.60","10.00","3.20","12.20","1.80","3.40","4.20","1.60","3.20","1.00","0.80","5.40",""
"186","880","1.20","1.60","12.40","9.20","22.80","2.80","1.20","3.00","10.40","4.20","10.40","1.40","4.20","5.20","1.80","3.80","1.40","1.80","4.80",""
"187","885","1.80","2.00","11.80","9.60","24.00","1.80","2.40","5.00","9.80","2.80","11.00","2.40","2.40","4.80","1.20","3.60","2.00","1.80","4.20",""
"188","890","1.20","0.60","7.20","10.00","21.20","2.00","2.60","1.80","7.20","3.60","14.80","2.40","4.60","4.40","1.00","3.00","0.60","0.80","5.40",""
"189","895","1.00","1.00","12.40","10.00","22.20","2.40","2.00","3.00","10.40","3.20","10.80","2.00","2.80","5.40","2.20","2.80","1.40","1.20","4.60",""
"190","900","1.60","2.40","11.00","8.80","22.40","2.80","2.00","3.00","9.40","2.40","10.40","2.20","2.20","4.80","1.20","3.20","2.00","1.80","4.80",""
"191","905","1.80","1.80","11.40","10.40","22.80","2.60","2.20","2.40","10.40","3.00","10.80","1.80","3.20","4.60","2.00","2.00","1.40","1.80","3.80",""
"192","910","1.00","1.80","10.40","9.20","23.40","2.00","3.40","4.00","8.20","3.00","11.00","3.40","2.80","4.40","0.80","4.00","1.80","1.80","4.20",""
"193","915","2.60","0.80","10.40","10.20","20.20","2.60","2.60","2.60","8.80","2.80","11.60","3.20","2.80","4.40","2.40","2.40","1.00","0.80","4.80",""
"194","920","0.80","1.60","8.80","10.40","21.60","1.00","2.60","2.80","7.60","3.20","11.20","1.80","3.80","4.00","1.60","3.00","1.60","1.60","4.60",""
"195","925","1.40","1.60","12.20","10.00","20.80","3.80","1.40","2.00","10.80","2.60","11.20","1.80","2.40","5.00","0.80","2.40","1.40","1.80","3.60",""
"196","930","2.00","1.20","10.60","7.40","22.80","2.80","2.80","3.20","10.00","2.00","9.20","2.80","2.00","4.00","1.20","3.00","1.60","1.20","3.60",""
"197","935","1.60","1.20","11.60","10.80","20.20","2.00","2.20","3.40","10.00","3.40","11.60","2.60","3.20","2.80","0.80","3.20","0.80","1.00","4.20",""
"198","940","0.80","1.00","9.80","8.80","20.40","2.40","2.20","3.40","8.40","3.80","10.80","2.20","3.40","4.40","2.60","3.20","1.60","1.40","5.20",""
"199","945","1.20","2.40","10.00","10.00","23.80","2.60","2.80","2.20","8.20","2.60","12.20","2.40","3.00","5.60","1.00","2.80","1.40","1.60","5.00",""
"200","950","1.40","0.80","9.20","11.00","21.60","1.60","3.40","2.60","7.40","2.60","12.40","3.40","3.00","4.40","2.00","2.40","1.80","1.60","3.40",""
"201","955","1.60","2.00","12.20","10.00","21.80","3.40","2.20","2.40","11.40","1.80","11.20","2.60","1.80","4.80","1.80","2.60","1.20","1.20","4.80",""
"202","960","1.60","1.80","11.40","9.60","24.20","2.60","3.20","2.60","9.20","3.20","10.20","3.00","2.60","3.80","0.80","2.40","2.20","2.00","3.60",""
"203","965","1.80","1.00","12.40","9.60","19.80","3.20","2.40","2.80","10.80","3.00","10.20","2.60","3.20","3.40","0.60","3.00","1.20","1.20","3.40",""
"204","970","0.80","1.40","11.00","9.80","20.60","2.00","2.40","2.80","9.80","2.40","10.60","2.40","2.40","3.20","1.40","2.00","1.00","1.20","5.00",""
"205","975","1.60","0.80","9.80","8.00","23.20","2.80","3.00","3.40","8.80","2.80","11.60","2.80","3.00","4.40","1.20","3.20","1.60","1.40","2.60",""
"206","980","1.40","1.00","10.20","9.40","22.00","2.40","3.20","3.00","10.00","3.60","10.60","3.60","3.00","4.60","1.40","3.80","0.40","0.40","5.20",""
"207","985","1.00","1.40","11.20","11.20","23.00","2.20","3.00","2.80","9.20","3.00","12.80","2.40","3.80","3.80","1.20","3.20","1.60","1.80","4.60",""
"208","990","1.00","1.80","12.60","8.20","23.60","3.20","2.80","2.20","11.00","1.80","10.00","3.00","1.60","4.60","1.40","1.40","1.60","1.60","3.20",""
"209","995","1.40","1.20","11.60","10.40","22.20","2.80","2.40","3.60","11.40","3.40","11.00","2.00","3.60","4.40","0.60","3.40","1.20","1.20","4.00",""
"210","1000","1.80","0.40","13.20","9.60","23.20","4.20","3.20","3.20","10.60","2.20","12.00","3.40","2.20","3.00","1.40","2.80","1.00","1.00","4.20",""
"211","1005","1.00","1.20","12.80","9.20","25.00","3.00","3.20","3.00","11.80","3.60","11.40","3.20","3.20","4.40","1.40","3.40","1.00","0.80","4.60",""
"212","1010","0.80","2.20","12.00","8.60","22.40","2.80","2.60","2.60","10.20","3.20","10.40","2.40","3.60","5.20","1.80","2.80","1.40","1.60","4.80",""
"213","1015","1.40","1.20","11.00","9.40","22.60","4.00","2.80","3.00","10.20","3.40","10.80","3.20","2.40","3.80","1.00","3.40","1.80","1.80","3.60",""
"214","1020","0.80","1.00","10.20","10.40","23.40","1.60","2.80","3.20","9.00","2.80","12.60","2.40","3.60","3.60","1.40","3.00","0.80","0.80","5.00",""
"215","1025","1.20","1.40","10.40","10.40","21.00","3.00","2.00","2.20","9.40","2.40","10.40","2.60","2.60","4.60","1.80","2.40","1.80","1.60","5.40",""
"216","1030","2.20","1.80","8.40","8.80","20.60","1.60","3.40","2.60","8.40","2.00","12.40","3.40","2.00","5.80","1.60","2.40","0.40","1.00","3.40",""
"217","1035","1.00","1.40","11.80","9.20","21.80","2.40","2.20","2.80","10.20","3.40","9.20","2.00","3.00","3.40","1.40","2.80","1.80","1.60","3.20",""
"218","1040","1.20","1.60","11.40","9.60","19.20","1.80","3.00","2.80","8.40","2.80","9.20","2.60","3.00","3.20","0.60","2.80","1.60","1.80","3.80",""
"219","1045","2.20","0.60","10.60","10.60","23.20","3.80","3.40","1.80","10.80","2.40","12.80","4.20","2.00","4.00","0.40","2.40","1.40","1.00","3.20",""
"220","1050","1.00","0.60","14.40","8.00","23.20","2.80","3.00","3.60","12.80","2.40","9.40","2.20","2.40","2.60","1.00","2.20","0.80","0.80","3.20",""
"221","1055","0.80","0.20","11.80","8.00","21.60","3.20","2.00","4.60","10.20","5.00","10.80","2.60","4.80","3.40","0.80","5.60","0.60","0.40","4.40",""
"222","1060","0.60","1.20","10.60","9.20","24.40","2.80","3.60","3.00","10.00","3.00","12.20","2.80","3.40","6.20","2.00","3.00","0.40","0.80","6.40",""
"223","1065","0.60","1.60","12.20","8.40","25.00","3.20","1.40","2.80","12.00","2.60","12.00","2.40","3.20","4.60","0.80","2.60","1.60","1.40","4.00",""
"224","1070","1.20","1.20","11.80","8.40","21.60","2.00","2.60","3.40","9.20","3.60","10.60","1.80","3.20","4.40","1.80","3.20","1.20","1.40","3.60",""
"225","1075","1.40","1.60","11.80","10.40","22.80","2.20","2.40","3.80","9.60","2.60","11.00","2.40","2.40","4.20","1.00","3.40","1.60","1.60","5.60",""
"226","1080","1.40","1.60","8.20","10.00","22.40","1.80","2.00","2.60","8.20","4.40","13.40","2.60","4.60","4.80","1.40","3.60","1.20","1.60","4.00",""
"227","1085","1.80","1.20","12.80","10.60","22.00","2.20","2.20","3.40","11.20","2.80","10.20","1.80","2.40","4.80","1.40","3.00","1.80","1.00","4.80",""
"228","1090","1.60","1.60","10.80","9.80","24.40","2.00","4.00","3.20","9.60","3.60","12.60","4.20","3.20","4.20","1.00","3.40","1.20","1.40","3.60",""
"229","1095","0.80","1.00","13.60","10.00","21.80","3.40","2.40","2.00","11.20","1.60","10.60","1.80","2.80","4.00","0.80","2.40","1.60","1.40","5.20",""
"230","1100","1.40","1.20","10.60","9.60","21.60","2.20","2.40","3.80","10.40","3.60","11.00","2.80","2.40","4.00","1.40","3.00","0.60","0.60","3.60",""
"231","1105","1.20","0.80","12.80","7.40","23.20","3.20","2.00","4.00","11.00","4.20","10.80","1.80","4.80","4.20","0.60","4.80","1.40","1.40","4.20",""
"232","1110","0.80","0.80","10.00","8.40","19.80","2.20","2.40","2.20","9.20","2.80","9.80","2.20","3.00","4.40","1.00","1.80","1.00","1.00","4.20",""
"233","1115","0.80","1.00","10.60","8.20","23.00","2.60","2.00","4.60","10.00","3.80","11.60","2.20","3.00","4.60","1.60","3.80","0.40","0.80","4.60",""
"234","1120","1.20","1.20","11.60","8.80","24.40","3.40","2.60","2.20","9.40","2.40","11.60","3.20","3.40","4.60","1.60","2.80","1.80","1.40","5.20",""
"235","1125","1.00","1.20","11.80","11.20","23.00","1.80","4.20","1.80","10.60","2.20","13.40","3.40","1.80","4.40","1.00","1.80","1.00","1.00","3.40",""
"236","1130","1.40","1.40","11.40","8.80","22.80","3.00","1.20","3.80","12.00","3.20","9.00","1.60","3.40","3.80","1.20","3.40","0.80","1.00","4.60",""
"237","1135","1.00","1.60","11.60","7.80","22.00","2.40","2.80","4.40","9.80","4.00","9.60","2.40","3.20","4.80","1.20","4.60","1.20","1.40","3.60",""
"238","1140","1.40","1.40","12.40","10.60","24.40","2.60","2.00","3.00","10.20","3.60","12.20","2.20","4.40","3.40","1.00","3.20","2.20","1.80","5.00",""
"239","1145","2.00","1.00","7.80","10.40","21.60","1.00","2.60","3.20","7.00","4.00","14.60","2.60","3.80","5.00","1.80","3.40","0.60","0.80","5.60",""
"240","1150","0.80","1.40","12.80","9.60","23.60","2.80","2.60","3.00","11.60","2.60","10.80","2.60","2.60","5.60","1.80","3.00","1.20","1.60","4.60",""
"241","1155","0.80","1.80","10.60","9.40","21.20","2.60","2.20","3.00","9.80","3.00","11.00","2.00","3.20","5.40","1.80","3.20","1.60","1.20","5.00",""
"242","1160","1.80","1.60","12.00","9.60","24.40","1.80","1.80","3.40","9.60","3.80","10.80","2.20","4.00","4.40","0.80","3.40","1.80","2.20","3.80",""
"243","1165","2.00","1.20","10.60","12.20","23.80","2.80","3.20","3.40","9.40","2.00","14.20","4.00","2.00","3.80","0.80","2.60","2.00","1.40","5.20",""
"244","1170","1.60","1.00","11.60","9.80","23.20","2.60","4.00","2.20","10.60","3.60","11.80","3.20","2.80","5.00","1.80","2.80","0.60","0.80","4.80",""
"245","1175","1.20","1.20","14.40","9.20","24.00","3.40","2.20","3.40","13.40","2.40","10.60","2.00","3.20","4.20","1.00","2.80","0.80","1.20","3.60",""
"246","1180","0.00","1.00","11.80","6.40","21.40","2.60","2.20","4.20","9.20","3.40","9.00","2.40","3.00","3.80","0.60","4.40","1.60","1.20","2.80",""
"247","1185","2.00","1.00","10.20","9.80","21.80","2.60","2.20","2.40","9.60","3.20","11.40","3.00","3.40","3.00","0.60","2.00","1.00","1.00","4.60",""
"248","1190","1.00","0.40","9.00","8.40","18.80","1.80","2.20","3.60","9.60","3.80","10.80","1.00","3.40","4.00","2.00","4.20","0.60","0.80","4.40",""
"249","1195","0.60","1.40","11.00","8.20","22.80","3.40","2.00","3.00","10.20","2.40","11.40","2.60","3.00","5.60","1.20","2.00","1.00","0.60","5.40",""
"250","1200","0.60","1.80","11.40","8.60","23.80","2.40","2.60","2.60","9.40","3.00","9.40","2.20","3.00","4.40","1.60","3.80","2.00","2.40","3.20",""
"251","1205","1.20","1.20","10.00","9.80","20.20","2.20","2.20","3.60","8.20","3.60","10.80","2.40","3.20","3.80","1.00","3.20","1.20","0.80","4.20",""
"252","1210","2.60","1.60","12.40","10.00","22.60","4.00","3.00","2.00","10.80","2.60","12.40","3.20","2.60","4.40","0.40","2.20","1.40","1.60","4.20",""
"253","1215","1.40","0.40","10.00","9.20","22.20","2.40","3.00","3.80","10.60","3.00","10.40","2.40","2.40","4.20","2.20","3.60","0.60","0.60","4.60",""
"254","1220","0.80","1.60","11.80","10.20","22.40","2.20","1.80","2.80","10.60","2.80","12.20","2.00","3.00","4.60","2.60","2.60","1.40","1.40","5.00",""
"255","1225","0.80","3.00","10.80","9.60","25.00","2.60","2.20","3.40","8.40","3.80","11.00","2.60","3.80","5.80","1.00","3.80","2.00","2.20","4.80",""
"256","1230","2.20","1.00","11.20","11.00","22.00","1.40","2.20","2.40","7.60","2.40","12.40","2.20","3.00","3.80","1.40","2.20","2.20","2.40","5.40",""
"257","1235","2.20","1.60","9.20","12.00","23.20","2.20","4.00","2.40","8.60","2.40","13.60","4.00","2.00","5.20","2.60","2.60","1.60","1.60","4.00",""
"258","1240","1.40","1.40","11.20","10.80","21.00","2.20","3.60","2.60","9.20","3.00","10.60","3.20","3.40","3.60","0.60","2.80","1.20","0.80","4.00",""
"259","1245","1.40","1.80","10.80","8.60","20.00","2.20","1.80","2.40","10.20","2.40","9.60","2.00","2.40","3.80","0.80","2.20","2.00","2.20","3.60",""
"260","1250","1.20","0.60","13.20","9.20","22.80","2.80","2.40","4.40","11.80","3.40","10.40","2.40","2.80","3.60","0.60","3.60","0.80","0.60","2.80",""
"261","1255","2.00","0.40","10.20","7.00","21.40","2.80","3.60","2.80","9.20","3.20","10.60","3.40","3.40","3.60","1.00","4.00","0.60","0.60","4.20",""
"262","1260","0.40","1.00","12.60","10.20","23.60","2.60","2.20","2.60","11.40","2.80","13.00","2.40","3.60","4.60","1.40","2.40","0.60","0.40","5.00",""
"263","1265","0.80","1.80","13.60","8.40","23.40","4.00","2.40","3.60","13.60","3.00","9.60","2.40","2.00","5.40","1.00","3.20","1.20","1.40","3.80",""
"264","1270","0.80","1.00","9.60","8.00","21.60","2.40","2.80","3.80","8.60","4.40","10.40","2.80","4.60","2.20","0.60","3.80","2.00","1.80","3.60",""
"265","1275","1.60","0.80","10.00","10.00","22.00","2.00","2.40","2.20","7.60","2.40","13.00","2.20","2.80","4.20","1.40","2.60","0.60","1.00","6.00",""
"266","1280","1.00","0.80","11.60","9.00","23.40","3.60","1.80","3.20","11.60","3.00","9.80","1.80","3.00","5.20","1.20","3.00","0.60","0.40","3.60",""
"267","1285","0.60","1.20","13.40","7.20","22.60","2.40","1.60","4.60","11.60","3.60","10.00","1.80","3.00","4.40","2.20","4.40","1.00","1.40","4.60",""
"268","1290","0.80","1.80","10.00","9.20","23.00","2.20","1.80","3.20","7.80","4.00","12.20","1.40","4.20","5.20","1.60","3.00","1.80","1.40","5.20",""
"269","1295","1.80","2.00","8.40","11.40","19.20","1.40","1.80","2.60","6.00","3.20","11.40","2.40","3.80","4.80","1.80","3.20","1.60","2.20","5.60",""
"270","1300","1.80","1.60","9.40","11.20","23.00","2.60","2.80","2.20","8.00","2.40","12.80","2.60","2.00","6.00","2.00","2.60","2.40","1.60","5.00",""
"271","1305","2.00","2.60","10.60","10.60","22.80","2.20","3.20","2.00","10.40","1.40","12.00","3.20","1.80","4.40","1.60","1.40","1.80","2.00","4.40",""
"272","1310","1.20","1.40","11.00","10.20","20.80","2.20","1.40","3.20","8.20","2.40","9.80","2.20","2.60","4.60","1.40","3.00","2.00","2.00","3.60",""
"273","1315","2.40","1.40","11.00","9.20","22.80","3.20","3.20","2.00","9.40","3.20","11.60","3.20","2.40","3.60","0.60","2.60","1.60","1.40","4.00",""
"274","1320","2.40","0.80","13.00","10.60","22.00","2.40","4.40","3.40","12.60","2.00","11.00","4.20","2.60","3.20","1.80","2.80","0.60","1.00","3.00",""
"275","1325","0.80","1.00","12.20","10.00","21.80","2.00","2.40","3.60","11.00","5.00","11.40","1.60","3.80","3.80","0.60","4.00","1.20","0.80","5.00",""
"276","1330","0.40","1.60","9.20","8.00","21.60","2.80","1.00","3.20","7.20","2.80","10.40","1.60","3.40","4.20","2.40","3.20","1.20","1.20","4.80",""
"277","1335","1.40","1.80","8.40","10.00","21.60","1.80","3.20","3.00","7.60","3.40","13.20","2.80","4.00","5.60","0.60","3.00","1.00","1.60","4.60",""
"278","1340","1.20","1.00","13.40","9.40","22.00","2.80","2.00","2.60","12.40","2.20","9.20","1.80","1.60","4.40","1.20","2.20","1.80","1.40","3.80",""
"279","1345","1.60","1.20","11.60","7.40","23.00","3.00","2.60","3.60","10.80","3.40","9.40","3.40","3.60","3.60","1.40","3.60","1.00","1.20","3.40",""
"280","1350","1.40","0.80","11.40","11.40","22.00","2.40","2.60","3.00","9.00","3.40","13.00","2.60","3.00","4.00","1.20","3.40","1.40","1.00","5.20",""
"281","1355","1.40","1.60","10.60","9.80","23.80","2.20","3.00","2.20","10.40","3.00","12.20","2.60","3.80","4.80","1.40","2.60","1.00","1.60","4.20",""
"282","1360","1.40","1.20","11.80","8.20","21.80","2.40","1.60","5.00","9.80","3.60","10.00","1.20","2.00","3.80","1.60","4.00","1.20","1.00","5.20",""
"283","1365","0.60","1.60","10.60","9.40","21.40","2.40","2.20","2.60","9.00","3.20","13.40","2.40","4.40","5.20","1.00","3.40","1.40","1.40","4.40",""
"284","1370","1.40","1.00","10.40","9.00","22.00","2.00","2.00","3.20","9.60","2.60","9.40","2.00","2.20","4.80","1.20","2.40","1.40","1.00","4.20",""
"285","1375","1.40","1.40","11.00","9.20","22.60","1.60","2.00","3.40","9.40","3.40","11.00","2.00","3.80","4.40","1.80","3.80","1.40","1.80","4.60",""
"286","1380","1.00","1.20","9.80","10.60","21.80","2.40","2.80","2.20","7.80","3.20","11.60","2.60","3.60","4.80","1.20","2.40","1.40","1.00","5.00",""
"287","1385","2.00","1.60","10.80","9.20","21.80","2.80","2.20","3.20","9.40","3.00","11.80","2.60","2.40","5.00","1.80","3.00","1.40","2.00","4.60",""
"288","1390","1.20","1.80","11.20","10.60","23.60","3.00","2.80","2.40","10.00","2.60","11.80","2.80","2.60","4.20","1.20","2.60","1.20","1.40","3.60",""
"289","1395","1.60","1.20","12.00","8.80","21.20","3.00","3.40","2.60","10.80","2.40","10.40","3.80","2.60","4.00","0.40","2.60","2.00","1.40","3.80",""
"290","1400","1.20","1.00","12.80","9.40","22.80","3.80","2.40","3.40","11.40","3.20","10.40","1.60","2.60","3.60","1.60","3.20","1.40","1.20","3.40",""
"291","1405","1.80","1.00","11.00","9.20","23.40","2.60","2.80","3.20","9.40","2.80","10.60","3.40","3.40","3.00","1.20","3.40","1.00","1.20","4.60",""
"292","1410","0.60","1.60","11.00","9.80","22.60","3.20","3.00","2.20","9.00","3.00","11.40","3.00","3.20","4.60","2.00","2.40","1.20","1.40","5.20",""
"293","1415","1.60","0.80","8.80","10.60","21.00","1.60","2.80","2.80","9.20","2.60","11.80","2.80","2.60","4.80","1.40","2.80","0.80","0.40","4.00",""
"294","1420","1.40","2.80","11.20","10.00","22.00","2.80","2.40","2.40","10.40","1.60","11.60","2.20","2.00","6.00","2.20","2.40","2.20","2.60","4.80",""
"295","1425","2.00","1.80","11.00","9.80","23.80","2.60","2.60","3.60","9.00","3.80","10.80","2.80","3.00","3.60","0.40","3.40","1.60","1.40","2.40",""
"296","1430","1.60","0.60","12.20","10.40","22.60","1.40","3.80","2.80","10.20","3.00","11.00","3.40","3.40","3.80","2.00","2.80","1.80","1.60","5.40",""
"297","1435","1.20","1.20","11.00","9.40","22.20","3.20","2.20","3.40","9.60","2.80","13.20","2.40","3.00","3.40","0.40","3.00","0.60","1.00","4.20",""
"298","1440","0.60","1.20","11.00","9.60","19.40","2.00","2.80","2.20","10.00","3.40","9.60","2.20","2.60","4.60","1.40","2.80","1.80","1.40","4.40",""
"299","1445","1.80","1.00","11.80","8.60","24.60","2.80","2.20","3.60","10.60","2.80","11.40","2.80","3.20","4.00","0.80","3.20","0.80","0.80","3.60",""
"300","1450","1.00","0.80","12.00","8.60","22.20","2.20","2.40","4.00","10.60","4.20","10.40","2.20","4.20","3.40","1.00","4.20","0.80","1.20","4.80",""
"301","1455","0.80","1.20","11.40","9.40","24.20","3.00","2.40","2.40","9.20","3.00","13.40","2.80","3.60","5.00","1.40","2.40","1.40","1.00","4.60",""
"302","1460","1.00","1.20","12.00","10.40","23.20","2.40","3.00","3.60","11.60","2.80","11.60","2.60","2.40","5.00","1.40","3.40","0.80","1.00","4.20",""
"303","1465","1.40","1.80","12.80","8.80","25.00","4.00","2.40","3.60","10.80","3.60","11.20","2.40","2.80","5.40","1.40","3.20","1.00","1.20","4.80",""
"304","1470","0.80","1.20","12.00","8.20","22.60","2.40","2.20","2.80","11.20","3.40","9.60","1.80","3.80","3.00","0.80","3.20","1.60","1.40","4.00",""
"305","1475","1.80","0.80","9.60","10.80","20.20","1.60","2.60","3.40","10.00","2.60","12.20","3.80","2.20","4.40","1.20","3.20","1.20","1.20","4.60",""
"306","1480","1.00","1.60","10.60","10.80","23.60","2.20","3.60","2.60","8.00","3.00","12.80","2.60","3.80","5.60","1.80","2.80","1.20","1.20","5.20",""
"307","1485","1.20","1.20","10.80","8.40","21.40","2.80","2.00","2.80","10.80","3.00","9.40","2.00","3.00","3.60","1.00","3.00","1.80","1.60","3.80",""
"308","1490","1.20","1.00","13.40","7.40","23.80","1.60","2.20","4.40","10.60","3.40","9.60","2.60","3.20","4.20","0.80","4.00","0.60","0.80","2.80",""
"309","1495","1.40","1.20","8.80","7.80","20.20","2.20","2.20","3.80","8.80","4.40","10.40","1.80","4.60","3.20","0.40","3.60","1.60","1.40","4.40",""
"310","1500","1.20","0.40","10.60","9.00","21.20","2.80","1.60","2.60","10.00","2.60","12.80","2.00","2.80","5.00","1.20","3.00","0.60","0.80","5.20",""
"311","1505","1.00","0.60","14.40","10.60","24.00","4.20","2.60","3.00","13.00","2.60","11.80","2.40","2.20","4.60","2.20","2.60","0.20","0.00","5.00",""
"312","1510","0.40","1.80","10.60","6.60","23.80","2.60","2.00","4.60","10.00","4.20","9.20","2.20","3.60","5.20","1.00","4.40","1.40","2.00","4.00",""
"313","1515","0.80","2.00","9.80","10.80","21.20","1.60","1.40","2.40","7.40","4.00","12.80","1.60","4.40","3.60","1.20","3.40","2.00","1.60","5.40",""
"314","1520","2.00","1.00","10.80","10.60","22.00","2.40","2.60","1.80","9.20","1.80","12.20","2.40","2.20","6.80","3.00","1.60","1.00","1.20","5.40",""
"315","1525","1.20","2.20","10.20","9.00","22.00","2.20","2.40","3.80","9.00","3.20","9.40","2.20","2.40","4.20","1.60","3.40","2.20","1.80","4.20",""
"316","1530","1.40","2.40","10.60","10.40","22.60","1.40","2.60","3.20","7.80","3.80","12.60","2.80","4.20","4.40","1.00","3.40","1.60","2.20","4.00",""
"317","1535","2.00","1.40","10.40","12.80","22.20","2.20","2.80","2.00","9.20","1.80","13.00","2.80","2.20","5.00","1.60","2.40","2.40","1.80","5.80",""
"318","1540","2.60","0.60","11.80","9.40","20.60","2.80","3.20","3.00","10.60","2.00","10.00","3.80","1.20","4.40","0.80","2.60","0.80","0.80","1.80",""
"319","1545","0.80","1.40","11.20","8.20","23.00","4.20","3.80","2.40","10.60","3.40","11.20","2.80","3.80","2.20","0.80","2.60","1.20","1.80","4.20",""
"320","1550","1.00","0.80","13.20","8.80","25.40","3.40","3.40","2.20","12.00","1.80","10.20","3.80","2.20","4.00","1.20","2.00","1.40","0.80","4.00",""
"321","1555","1.60","1.40","12.20","9.00","21.80","2.40","2.40","4.20","10.00","4.00","10.20","2.60","4.00","3.20","0.60","4.40","1.00","1.40","2.60",""
"322","1560","1.20","0.80","10.00","11.20","22.80","4.00","3.40","2.60","10.80","3.20","13.40","3.00","3.20","4.60","1.60","2.40","1.00","0.60","5.60",""
"323","1565","0.60","0.40","12.60","10.20","23.20","3.00","3.00","1.60","11.20","2.00","12.00","3.00","1.80","4.80","2.40","2.00","0.60","0.60","5.20",""
"324","1570","1.20","3.00","10.60","7.00","22.40","3.40","3.60","3.40","9.40","2.80","9.20","3.20","2.00","5.20","0.80","3.00","1.20","2.20","2.40",""
"325","1575","0.80","0.80","11.80","10.40","20.80","1.80","1.80","2.80","8.60","2.60","10.40","2.40","3.40","2.80","1.20","2.60","2.60","1.80","4.20",""
"326","1580","1.80","1.00","11.40","9.60","21.60","2.80","3.60","2.40","9.60","2.20","10.40","3.80","2.40","3.40","1.00","2.60","0.60","0.60","3.80",""
"327","1585","1.60","1.00","11.40","9.60","22.20","2.80","3.00","3.20","11.80","4.20","11.60","2.80","3.00","3.20","0.80","3.60","1.00","1.00","4.00",""
"328","1590","1.00","0.60","11.40","8.60","23.00","3.80","2.40","2.80","11.60","2.00","10.60","2.20","3.00","4.20","0.80","2.40","1.00","0.80","3.60",""
"329","1595","0.80","1.40","11.80","8.20","21.20","3.60","2.60","2.60","9.20","2.40","9.80","2.20","2.40","4.40","2.00","2.80","1.40","1.40","5.20",""
"330","1600","0.80","1.60","10.40","8.20","22.20","1.60","2.00","3.20","9.20","3.00","11.20","2.40","3.60","4.00","1.40","2.80","1.20","1.60","3.40",""
"331","1605","1.80","1.40","11.00","10.40","22.00","2.80","2.00","3.60","9.60","3.80","10.40","1.80","2.80","4.40","1.60","3.80","1.20","0.80","4.60",""
"332","1610","1.20","1.20","7.40","10.60","19.40","1.40","3.00","2.00","6.60","2.80","12.60","3.60","3.60","4.60","2.20","2.20","1.00","1.20","5.80",""
"333","1615","1.60","3.00","11.20","10.40","23.00","2.00","3.20","1.60","10.20","1.20","12.40","2.80","1.00","6.00","1.40","1.80","1.80","1.80","4.40",""
"334","1620","1.00","1.20","13.80","8.00","22.80","4.20","0.80","3.80","10.80","3.60","8.60","1.80","3.40","3.40","0.40","3.40","2.80","2.60","2.40",""
"335","1625","2.80","0.80","9.60","10.40","22.20","2.00","4.80","2.80","8.40","3.00","11.00","4.80","3.20","3.20","1.20","3.20","0.60","1.00","4.00",""
"336","1630","1.00","1.00","11.80","11.80","23.00","2.40","3.80","1.60","9.00","2.00","13.40","2.80","1.80","3.60","0.80","1.60","1.40","1.40","3.60",""
"337","1635","1.40","1.20","12.80","7.80","22.00","4.20","2.60","2.80","13.00","2.20","9.40","3.00","2.80","3.80","1.40","2.40","0.80","0.80","4.00",""
"338","1640","1.20","1.00","11.80","11.20","24.60","2.40","3.80","3.60","10.40","3.80","12.00","3.00","3.00","3.80","1.00","3.20","0.80","0.80","3.40",""
"339","1645","0.40","1.20","12.00","7.80","21.40","2.60","2.20","4.00","12.80","3.20","10.80","2.60","3.60","3.80","1.20","4.40","1.40","1.20","4.40",""
"340","1650","1.40","1.00","11.00","9.80","23.00","2.40","2.40","3.20","8.80","3.40","10.60","2.20","3.40","5.00","1.00","3.40","1.40","1.60","4.40",""
"341","1655","1.60","1.40","12.00","8.60","24.80","3.20","2.40","3.00","10.20","3.20","12.00","3.00","3.40","4.20","1.40","2.80","0.80","0.40","5.40",""
"342","1660","0.40","0.80","11.00","8.00","21.40","2.00","2.60","2.60","10.40","2.80","10.60","1.80","3.00","5.00","1.60","2.60","1.00","1.20","3.60",""
"343","1665","1.60","1.60","11.80","9.20","21.60","3.00","2.00","4.00","10.00","4.00","10.20","2.60","3.60","3.60","1.60","4.20","1.60","1.60","4.60",""
"344","1670","1.00","1.40","10.20","11.20","23.80","1.60","2.80","3.40","8.20","3.40","13.20","3.20","2.80","5.00","1.00","3.00","1.40","1.40","4.80",""
"345","1675","1.40","1.40","10.60","11.00","21.40","2.60","2.80","2.00","10.40","2.80","12.60","2.20","2.60","5.00","1.00","2.80","1.00","1.40","5.00",""
"346","1680","1.40","1.20","12.60","7.80","23.80","3.00","3.00","2.80","12.00","1.40","9.60","3.60","2.40","4.40","1.20","2.00","1.60","1.00","3.20",""
"347","1685","1.60","1.00","11.40","9.20","22.40","2.80","3.00","3.40","10.20","4.00","11.40","2.60","3.60","2.80","0.60","3.80","1.00","1.20","3.00",""
"348","1690","1.00","0.40","10.80","8.40","19.80","3.00","3.00","3.00","10.40","3.00","10.40","2.80","3.20","3.60","0.60","2.80","0.80","1.00","4.00",""
"349","1695","0.60","1.00","13.80","8.60","25.00","4.00","2.20","2.00","13.00","1.60","10.40","2.20","1.40","5.00","1.20","1.80","1.00","0.60","4.20",""
"350","1700","0.60","0.80","13.80","8.00","24.00","3.00","2.80","4.60","10.80","4.00","10.20","2.80","3.80","2.20","1.00","3.80","0.60","1.00","3.60",""
"351","1705","1.40","1.40","9.00","7.60","20.40","1.60","3.20","3.20","8.40","4.20","10.80","3.20","4.20","4.40","1.40","4.00","1.20","1.20","4.00",""
"352","1710","1.00","1.00","10.60","11.40","22.20","2.40","2.00","3.20","9.60","3.00","12.60","2.00","3.40","4.60","1.20","3.40","1.00","0.60","5.60",""
"353","1715","1.00","1.80","9.80","9.00","20.00","2.60","1.40","3.00","9.40","3.00","11.00","1.80","2.40","5.40","1.80","2.80","1.00","1.00","5.20",""
"354","1720","1.60","1.40","10.40","8.00","23.40","2.00","2.60","2.40","8.80","2.60","10.60","2.60","3.40","4.40","1.20","2.60","1.80","2.00","3.80",""
"355","1725","0.80","1.20","11.20","10.00","20.20","2.40","2.40","2.80","9.20","3.40","10.40","2.00","3.40","4.00","1.00","3.20","1.60","1.60","4.20",""
"356","1730","1.00","1.00","10.40","9.20","22.40","3.40","2.20","2.60","10.00","2.80","11.60","3.00","2.80","4.00","1.60","2.40","0.80","0.80","4.60",""
"357","1735","1.80","1.60","11.00","9.60","22.20","1.20","3.20","3.60","10.00","2.40","10.40","2.20","1.20","5.60","1.00","3.20","1.60","2.00","3.60",""
"358","1740","1.60","1.20","13.80","8.60","23.40","2.80","1.20","3.60","10.20","3.80","9.40","2.00","4.40","3.00","0.80","3.80","1.60","1.40","3.80",""
"359","1745","1.60","1.00","9.80","10.40","23.00","1.80","3.60","3.60","9.40","3.40","13.80","3.00","3.60","4.00","2.00","3.40","1.20","0.80","5.20",""
"360","1750","0.80","1.60","9.20","10.20","20.80","1.20","2.20","3.20","10.20","2.80","12.60","2.00","3.00","5.00","1.00","3.40","0.80","1.00","4.80",""
"361","1755","1.60","1.00","12.80","9.40","22.60","3.40","1.00","3.20","8.80","4.40","10.40","1.40","3.60","4.80","2.40","3.60","1.60","1.60","5.20",""
"362","1760","0.80","2.20","9.60","9.40","24.00","1.80","3.60","2.60","9.40","2.00","11.00","3.20","3.20","5.80","0.80","2.00","2.00","2.00","4.80",""
"363","1765","1.80","0.80","12.00","9.80","23.00","2.80","1.80","3.60","11.00","3.60","12.20","2.00","2.80","3.80","0.60","3.20","1.40","1.20","3.80",""
"364","1770","1.00","1.00","11.60","8.20","21.20","2.00","1.60","3.20","10.00","3.60","9.60","2.00","3.40","4.40","1.40","3.60","0.60","0.80","4.40",""
"365","1775","1.00","1.00","10.80","9.20","21.80","2.40","1.80","4.20","8.80","3.60","12.00","1.20","4.00","4.40","1.80","4.60","1.20","1.00","6.00",""
"366","1780","1.40","2.00","11.00","9.60","22.40","2.20","2.00","2.20","10.20","3.20","12.40","2.40","2.60","5.20","1.20","2.60","1.60","1.60","4.20",""
"367","1785","1.60","1.40","10.40","9.00","20.80","2.00","2.60","4.00","8.00","3.00","9.60","2.60","3.40","5.00","1.80","3.00","0.80","1.00","4.00",""
"368","1790","2.00","1.40","9.60","10.60","20.60","1.20","2.20","2.80","8.60","3.20","13.00","2.40","3.80","3.80","1.20","2.60","2.40","2.20","5.00",""
"369","1795","0.80","1.20","10.40","10.20","23.20","3.20","3.00","2.80","10.20","2.40","11.20","2.80","2.00","4.40","1.80","3.20","1.00","1.40","5.00",""
"370","1800","1.60","1.80","12.40","8.80","25.20","2.60","2.40","3.00","9.60","3.00","11.00","2.20","3.00","5.00","0.80","2.60","1.00","0.80","3.40",""
"371","1805","1.40","1.20","13.00","9.60","22.80","3.00","2.20","3.00","11.60","3.40","10.40","2.20","2.80","4.40","0.80","3.80","2.20","2.00","3.40",""
"372","1810","1.80","0.40","9.80","10.00","22.40","1.60","3.20","4.20","7.80","4.20","12.80","2.80","5.00","2.80","1.00","4.20","0.60","0.60","5.00",""
"373","1815","0.60","1.00","11.20","10.00","22.40","2.60","1.80","3.00","11.60","2.60","13.20","2.20","2.80","6.40","2.20","2.40","0.60","0.80","5.80",""
"374","1820","1.00","2.20","9.80","8.20","20.40","1.80","2.40","3.20","8.80","2.80","9.40","2.60","2.20","4.00","1.40","3.00","2.00","1.80","4.00",""
"375","1825","0.80","1.60","11.80","9.00","22.40","3.20","2.00","1.60","9.80","3.00","10.20","1.60","3.40","4.80","1.20","2.60","1.60","1.60","4.00",""
"376","1830","2.00","1.20","11.00","9.00","23.60","2.20","2.20","4.20","10.80","3.00","10.20","2.80","2.40","4.20","0.60","3.00","0.80","1.20","3.20",""
"377","1835","1.20","0.60","11.20","9.80","21.00","2.40","3.40","3.40","8.80","4.40","12.20","3.20","3.20","3.40","1.00","4.00","1.60","1.40","4.80",""
"378","1840","1.60","1.00","10.40","11.00","23.20","2.80","3.40","2.20","10.20","2.00","13.80","3.40","4.20","3.60","1.80","2.40","0.60","0.40","4.80",""
"379","1845","0.80","1.40","12.80","8.40","23.60","3.80","1.80","3.20","12.60","2.60","9.40","1.80","2.00","6.00","1.80","2.60","0.80","1.40","4.60",""
"380","1850","0.60","2.00","13.60","8.40","24.00","2.60","2.40","2.80","10.20","3.20","10.40","2.80","3.20","3.80","0.80","3.20","2.20","2.00","3.80",""
"381","1855","2.00","0.80","10.40","9.60","20.60","1.60","2.80","3.40","9.00","3.00","10.80","2.20","3.00","4.20","1.20","3.20","1.40","1.00","3.60",""
"382","1860","0.00","0.00","0.00","0.20","0.00","0.00","0.00","0.00","0.00","0.00","0.00","0.00","0.00","0.00","0.00","0.00","0.00","0.00","0.00",""
